id,artist,title,source,listen_status,keep,start_seconds,duration_seconds,heard_instruments,heard_genre,vocal_or_speech,bpm_manual,half_double_time_note,rights_evidence_file,reviewer_note
h01,HoliznaCC0,Classic,https://freemusicarchive.org/music/holiznacc0/rock-montage/classic/,,,,,,,,,,,
h02,HoliznaCC0,Punk,https://freemusicarchive.org/music/holiznacc0/rock-montage/punk/,,,,,,,,,,,
h03,HoliznaCC0,Unwind,https://freemusicarchive.org/music/holiznacc0/kick-it-laid-back-hiphop/unwind/,,,,,,,,,,,
h04,HoliznaCC0,Movement,https://freemusicarchive.org/music/holiznacc0/left-overs/movement-1/,,,,,,,,,,,
h05,HoliznaCC0,Make Love,https://freemusicarchive.org/music/holiznacc0/bassic/make-love,,,,,,,,,,,
h06,HoliznaCC0,Mercury,https://freemusicarchive.org/music/holiznacc0/interstellar-pop-songs/mercury-1/,,,,,,,,,,,
h07,HoliznaCC0,NPC Theme,https://freemusicarchive.org/music/holiznacc0/chiptunes/npc-theme/,,,,,,,,,,,
h08,HoliznaCC0,Red Skies,https://freemusicarchive.org/music/holiznacc0/chiptunes/red-skies/,,,,,,,,,,,
j01,John Bartmann,Home At Last,https://freemusicarchive.org/music/John_Bartmann/Public_Domain_Soundtrack_Music_Album_One/home-at-last,,,,,,,,,,,
j02,John Bartmann,West in Africa,https://freemusicarchive.org/music/John_Bartmann/Public_Domain_Soundtrack_Music_Album_One/west-in-africa,,,,,,,,,,,
j03,John Bartmann,Happy Clappy,https://freemusicarchive.org/music/John_Bartmann/Public_Domain_Soundtrack_Music_Album_One/happy-clappy,,,,,,,,,,,
j04,John Bartmann,Tender Moment,https://freemusicarchive.org/music/John_Bartmann/Public_Domain_Soundtrack_Music_Album_One/tender-moment,,,,,,,,,,,
j05,John Bartmann,Robot Gypsy Jazz,https://freemusicarchive.org/music/John_Bartmann/Public_Domain_Soundtrack_Music_Album_One/robot-gypsy-jazz,,,,,,,,,,,
j06,John Bartmann,Happy African Village,https://freemusicarchive.org/music/John_Bartmann/Public_Domain_Soundtrack_Music_Album_One/happy-african-village,,,,,,,,,,,
j07,John Bartmann,Secret Agent Rock,https://freemusicarchive.org/music/John_Bartmann/Public_Domain_Soundtrack_Music_Album_One/,,,,,,,,,,,
j08,John Bartmann,Interstellar Space,https://freemusicarchive.org/music/John_Bartmann/Public_Domain_Soundtrack_Music_Album_One/,,,,,,,,,,,
m01,Monplaisir,Free To Use 1,https://freemusicarchive.org/music/Monplaisir/Free_To_Use/Monplaisir_-_Free_To_Use_-_01_Free_To_Use_1,,,,,,,,,,,
m02,Monplaisir,Free To Use 2,https://freemusicarchive.org/music/Monplaisir/Free_To_Use/,,,,,,,,,,,
m03,Monplaisir,Free To Use 3,https://freemusicarchive.org/music/Monplaisir/Free_To_Use/,,,,,,,,,,,
m04,Monplaisir,Free To Use 4,https://freemusicarchive.org/music/Monplaisir/Free_To_Use/,,,,,,,,,,,
m05,Monplaisir,Free To Use 5,https://freemusicarchive.org/music/Monplaisir/Free_To_Use/,,,,,,,,,,,
m06,Monplaisir,Free To Use 6,https://freemusicarchive.org/music/Monplaisir/Free_To_Use/,,,,,,,,,,,
m12,Monplaisir,Free To Use 12,https://freemusicarchive.org/music/Monplaisir/Free_To_Use/,,,,,,,,,,,
m14,Monplaisir,Débordement,https://freemusicarchive.org/music/Monplaisir/Le_chant_des_Stompbox/Monplaisir_-_Le_chant_des_Stompbox_-_02_Dbordement/,,,,,,,,,,,
