id,title,artist,source,license,status,source_sha256,clip_sha256,start_seconds,duration_seconds,measured_bpm,half_time,double_time,onsets_per_second,onset_regularity,rms_dbfs,dynamic_range_db,centroid_hz,rolloff85_hz,quality_flags,reviewer_1_decision,reviewer_1_reason,reviewer_1_heard_bpm,reviewer_1_heard_instruments,reviewer_2_decision,reviewer_2_reason,reviewer_2_heard_bpm,reviewer_2_heard_instruments
t01,Garden party,TRG Banks,https://trgbanks.bandcamp.com/album/the-rainbows-end,CC0-1.0,BLOCKED,,,,,,,,,,,,,,"HTTP 403 at the supplied normal individual FLAC download; no retry, alternate transport, stream or master used",,,,,,,,
t02,Evening journey,TRG Banks,https://trgbanks.bandcamp.com/album/the-rainbows-end,CC0-1.0,BLOCKED,,,,,,,,,,,,,,"HTTP 403 at the supplied normal individual FLAC download; no retry, alternate transport, stream or master used",,,,,,,,
t03,Walking on water,TRG Banks,https://trgbanks.bandcamp.com/album/the-rainbows-end,CC0-1.0,BLOCKED,,,,,,,,,,,,,,"HTTP 403 at the supplied normal individual FLAC download; no retry, alternate transport, stream or master used",,,,,,,,
t04,Back on the road,TRG Banks,https://trgbanks.bandcamp.com/album/the-rainbows-end,CC0-1.0,BLOCKED,,,,,,,,,,,,,,"HTTP 403 at the supplied normal individual FLAC download; no retry, alternate transport, stream or master used",,,,,,,,
s01,Jazz,Spring Spring / Julie Damsgaard,https://opengameart.org/content/jazz-1,CC0-1.0,ANALYZED_PROVISIONAL,97f967ff80cc68befdd3b8b195e18219e740cf7036ce8d38d9196765f4e59592,a9651cbe20a71152fc86a62e89a38ca64929fee13690c5369b0769f03201d4b3,30.0,15.0,181.8181818181818,90.9090909090909,363.6363636363636,7.266666666666667,0.7680513551063186,-23.01178733950345,5.519126413762301,188.8864040118641,320.7813936121324,embedded artist/title wording differs from publication; no conflicting embedded license; exact published attachment used; audible artifacts and musical validity require two independent listeners,,,,,,,,
s02,(Basically not) Fusion Jazz,Spring Spring / Julie Damsgaard,https://opengameart.org/content/basically-not-fusion-jazz,CC0-1.0,ANALYZED_PROVISIONAL,645f7cd6ef7a56b22fe394ff006dae17348cf70c72aa9e2a9b4d7f70b2804af4,013df6b88877cbd8ff7b626cfb8ee157b30fb3ebb632f1776e89ff3a40da66a6,30.0,15.0,176.47058823529412,88.23529411764706,352.94117647058823,6.666666666666667,0.6451217581918585,-23.00629249796919,4.955139424375446,254.64803686617117,417.20630013368987,decoded lossy source overshoots full scale; not automatically audible clipping; near-full-scale source samples; inspect on headphones; embedded artist/title wording differs from publication; no conflicting embedded license; exact published attachment used; audible artifacts and musical validity require two independent listeners,,,,,,,,
s03,Courtroom,Spring Spring / Julie Damsgaard,https://opengameart.org/content/courtroom-and-judgement,CC0-1.0,ANALYZED_PROVISIONAL,5ffd37d0a907c80324a51419544b5cdcb69781cc4642d9f79cff3e2ffee4a556,f7ffcf536d5885f10f743605291d4300f5f5641cc62751aa327c94d6be1062e4,30.0,15.0,69.76744186046511,34.883720930232556,139.53488372093022,5.4,0.5618351811306682,-23.015691519716395,8.712112098163143,338.3528367508286,427.972412109375,decoded lossy source overshoots full scale; not automatically audible clipping; near-full-scale source samples; inspect on headphones; audible artifacts and musical validity require two independent listeners,,,,,,,,
s04,Kingdom of a Million Elephants under a White Parasol,Spring Spring / Julie Damsgaard,https://opengameart.org/content/kingdom-of-a-million-elephants-under-a-white-parasol,CC0-1.0,ANALYZED_PROVISIONAL,2c138c24ecd6f3af12393e71f0a29ff2c38df0913cba222c62636d70bd445e5c,a9e5aaf4dbec63374b69c372c8f546dbf3c11ee19a0c9bd1c9b689a8b58fc6b7,30.0,15.0,93.75,46.875,187.5,3.933333333333333,0.7546643721680323,-23.036858898901578,10.03999850226553,807.9955764052963,1245.874284550468,decoded lossy source overshoots full scale; not automatically audible clipping; near-full-scale source samples; inspect on headphones; audible artifacts and musical validity require two independent listeners,,,,,,,,
o01,Funked Up,Joth,https://opengameart.org/content/funked-up,CC0-1.0,ANALYZED_PROVISIONAL,57cd81254a0f4e068535c5421f93b586514332ad2377f81aea190dd91659fff3,2f8c6ffe9b01fd554beb113aed00b1652f8bf5f84d7b00b23afb8aa4332c75b2,30.0,15.0,86.95652173913044,43.47826086956522,173.91304347826087,6.133333333333334,0.8549186977889855,-23.01954785095733,11.236426123068775,355.0062962103854,501.02121281751334,decoded lossy source overshoots full scale; not automatically audible clipping; near-full-scale source samples; inspect on headphones; audible artifacts and musical validity require two independent listeners,,,,,,,,
o02,Bossa Nova,Joth,https://opengameart.org/content/bossa-nova,CC0-1.0,ANALYZED_PROVISIONAL,0ee835fd279ac5fa15f9346744cbafc2ba800c1c0671b78ca9abe2b4353402f7,8c55256186632a9d3dbf39e36cf0a584b5a6c5bf08ee60b412104f48b2bdda9f,30.0,15.0,85.71428571428571,42.857142857142854,171.42857142857142,5.133333333333334,0.768756228197383,-23.008620633080543,23.75944417846319,243.73180044920443,348.6047102168282,"estimated 85.71 vs author tag 129 BPM: about 3:2, not resolved by half/double-time; audible artifacts and musical validity require two independent listeners",,,,,,,,
o03,8Bit Title Screen,Joth,https://opengameart.org/content/8bit-title-screen,CC0-1.0,ANALYZED_PROVISIONAL,0fd7f99ae046278959645889f9bb0970a0430381ee1bd2e7a68c5f41438b29d8,5675be77bfbb5218aa7cc0b568e7e623051b9539795c119e415ecb131d549fb1,3.6244671201814054,15.0,69.76744186046511,34.883720930232556,139.53488372093022,7.266666666666667,0.7631090700867461,-23.008957635886706,4.275507278967815,277.2805709928532,213.40325503425802,embedded artist/title wording differs from publication; no conflicting embedded license; exact published attachment used; audible artifacts and musical validity require two independent listeners,,,,,,,,
o04,Fantasy Orchestral Theme,Joth,https://opengameart.org/content/fantasy-orchestral-theme,CC0-1.0,ANALYZED_PROVISIONAL,add1de5eae0771c4ce5b3782a6eae9c01f321d32446421691426587000e50cdc,be01cf0de6129d6288e2ce2447f9f314ca701faaf537a518c920f23cd616c3fb,30.0,15.0,125.0,62.5,250.0,4.8,0.5838342516353147,-23.026251586407717,17.291600740507526,373.39706805066083,553.918620226855,some full-source frames at/below -80 dBFS; fixed excerpt still active; audible artifacts and musical validity require two independent listeners,,,,,,,,
u01,Epic Boss Battle,Juhani Junkala / SubspaceAudio,https://opengameart.org/content/boss-battle-music,CC0-1.0,ANALYZED_PROVISIONAL,35f75b4381dfbb053992876f7dfc567d9fd959d61b73954d5b1cd519753e7df1,5a1197ceefb4320596b9e18331285cf76ad12502d6d38c4f433cd37f441b6be2,30.0,15.0,176.47058823529412,88.23529411764706,352.94117647058823,6.0,0.6958076889910283,-23.01238199802398,3.802170786351745,707.3607393577558,1361.413737414355,near-full-scale source samples; inspect on headphones; audible artifacts and musical validity require two independent listeners,,,,,,,,
u02,JRPG Theme,Juhani Junkala / SubspaceAudio,https://opengameart.org/content/jrpg-trailer-theme,CC0-1.0,ANALYZED_PROVISIONAL,a56babeb77e69bd3cf3c9db837c28b08a2f6b33925363b4270e604fda05bbf05,24f5c955fb4e7c1e75c35bc775ceeca3a7e9c30c17073444f8c6b72b2b276a6b,30.0,15.0,162.16216216216216,81.08108108108108,324.3243243243243,5.333333333333333,0.39380362982348244,-23.010956282551497,8.801996045622463,514.3244157619475,880.7022502715574,near-full-scale source samples; inspect on headphones; audible artifacts and musical validity require two independent listeners,,,,,,,,
